SMU Volt (V),SMU Curr (A)
1.9083616,1.9186961
1.9577138,1.9683449
