SMU Volt (V),SMU Curr (A),DMM Volt (V)
1.68640316,2.00000528,0.007613597344106
