SMU Volt (V),SMU Curr (A),DMM Volt (V)
1.6950467,2.00018629,-0.1492219361
