SMU Volt (V),SMU Curr (A),DMM Volt (V)
1.65166031,1.75015083,0.08997371023808001
1.65206438,1.76015524,0.4969842722
