SMU Volt (V),SMU Curr (A),DMM Volt (V)
1.60497892,1.00003562,0.0015889346369679998
1.60574309,1.01004738,0.008478413458
