SMU Volt (V),SMU Curr (A),DMM Volt (V)
1.64262265,1.75014788,0.039180777460381996
1.64298895,1.76014483,0.22433062919999996
